Combo,Count
after,44
and,755
fields,3
gods,2
in,393
most,29
named,3
of,524
oil,3
pagan,1
platforms,1
the,1269
thereafter,1
were,73
years,23
brown,2
love,23
mr,6
we,172
you,196
a,624
all,100
almost,8
also,32
as,143
awesome,4
bad,13
bank,1
been,49
birthday,8
busy,11
by,92
card,6
cashed,1
chad,1
characters,6
count,3
cute,6
did,34
does,10
down,23
either,9
enough,15
feel,18
fort,2
from,92
game,3
get,52
gift,6
good,40
had,75
has,61
have,149
he,113
her,81
him,32
his,71
holding,2
how,60
i,890
into,44
is,254
it,266
job,10
kids,14
know,45
kyan,1
later,12
letting,2
like,82
lola,1
loves,1
made,31
make,35
money,13
much,39
never,18
on,217
out,83
piggy,1
playing,6
reaction,2
realized,4
saving,1
she,77
skylander,1
so,118
sure,16
switch,3
taps,1
than,34
that,340
thing,13
to,760
together,5
too,44
used,14
usual,5
very,41
wanted,14
was,200
watch,6
when,49
while,31
with,234
work,30
xbox,2
am,31
amazing,5
anyways,1
away,22
come,19
decor,1
folder,1
going,21
home,17
images,7
inspiration,2
life,27
my,185
our,60
puter,1
ready,4
share,5
some,62
stored,1
storing,1
these,26
any,22
around,27
black,12
brings,2
but,141
can,77
cards,4
cardstock,3
change,4
circle,4
corner,6
created,3
cut,6
die,5
do,53
double,3
easy,5
embossed,1
embossing,1
fantastic,2
fun,21
gifts,3
gives,3
graduation,2
help,10
impressions,2
just,83
kit,1
kraft,2
machine,3
memento,1
nancy,1
need,21
nestabilities,1
new,39
not,104
occasion,1
one,77
ones,5
only,39
pad,3
pass,4
patterns,4
plate,1
plates,1
red,5
right,30
season,7
see,30
set,7
sided,1
stamped,1
stars,3
super,5
taylor,1
them,45
this,164
through,17
tutorial,1
tuxedo,1
up,88
use,10
using,11
which,43
whipped,1
yes,6
your,74
alternative,1
an,75
argument,1
hear,8
if,62
lets,7
bear,1
about,82
again,16
because,35
brusquely,1
coming,10
ever,11
foot,3
friends,13
guess,5
halfdozen,1
keep,15
keeping,3
laurelwood,1
many,28
mine,4
names,1
often,10
other,45
others,5
refuse,3
same,19
similar,2
staff,2
step,4
stories,4
telling,3
there,99
they,89
treated,4
afforded,1
although,6
approximated,1
be,146
beloved,1
cantab,1
claim,3
complete,4
distance,5
imitated,1
inn,1
international,3
joints,2
lack,3
makes,7
more,67
nothing,7
or,100
ordinariness,1
otherwise,1
pretense,1
recognition,3
separated,2
special,8
station,2
their,51
twins,1
two,22
afford,1
america,2
americans,3
are,101
blame,2
buy,2
capitalism,1
causing,3
could,40
deal,5
dealing,1
disaster,2
far,6
first,37
for,250
freedom,2
go,30
got,31
government,4
hard,8
here,32
impetus,2
individual,2
liberty,1
look,16
loss,1
lot,21
pain,1
people,39
peter,2
pretty,17
prices,2
problem,5
problems,5
regulation,2
rid,2
schiff,1
serious,1
stuff,8
tell,9
way,33
whether,5
will,67
worse,3
would,58
wrong,5
answers,2
artists,2
ask,7
balance,2
being,23
best,15
brought,7
challenge,3
changes,6
chosen,1
concerns,2
contact,2
creative,3
designs,2
environment,4
forms,1
ideas,3
image,2
imbalanced,1
innermost,1
kinds,3
level,2
making,17
manifest,1
medium,1
own,19
person,11
plots,1
presented,2
priscilla,1
produce,6
remember,10
result,4
say,24
seek,1
situation,4
sleeps,1
speak,1
suggest,2
those,28
time,79
tremendously,1
turn,11
turning,3
what,73
whatever,4
white,9
who,59
winter,6
wishes,2
within,9
world,24
write,7
yourself,3
always,19
back,36
before,35
bills,1
bringing,2
cancel,1
cornwall,1
doing,8
friday,2
im,46
leeds,1
millies,1
months,4
move,8
moved,6
needs,3
nowhere,1
promise,1
retreat,1
route,2
sea,2
slog,1
such,10
sun,5
tourist,2
town,4
went,12
assam,1
dark,4
frills,1
fruit,2
goodness,1
herby,1
large,4
leaf,2
mixers,1
no,50
pure,1
sake,2
strong,4
sweetener,1
tea,4
thank,6
waffling,1
want,29
why,12
adjacent,1
appropriate,1
at,123
condition,1
council,4
dome,1
effect,4
ensure,1
football,2
ignore,3
including,5
indoor,1
issue,2
lancing,1
lighting,1
mention,1
necessary,2
night,20
np,2
parish,1
pitch,1
planning,5
raised,5
report,1
safeguard,1
should,14
skies,1
sky,3
subject,1
times,15
utilised,1
contracts,1
million,2
over,39
ringgit,1
state,3
worth,3
fairytale,1
protected,2
things,21
transformers,1
unknowing,1
able,8
area,7
astounding,1
bunch,4
cheery,1
closed,2
course,13
few,28
knew,15
long,18
marshals,1
meant,2
nature,5
owing,1
phenomenal,1
rain,5
remaining,5
roads,3
seen,15
skip,1
support,4
supporters,1
supportive,1
though,13
attend,3
end,17
friend,5
joy,2
kendra,1
waiting,5
wedding,5
adopted,1
another,18
anything,10
author,2
boy,2
car,14
character,4
charles,5
chase,2
chasing,1
colorful,1
custodial,1
favorite,5
fireflies,3
georgia,1
heart,11
hit,5
investigating,2
journalist,1
killed,1
kind,3
loser,1
martin,4
memorable,1
mute,1
neighbor,5
orphan,1
parent,3
parents,10
pushed,4
read,19
recommended,3
resident,2
sayings,1
small,7
story,11
tracks,3
train,4
unc,1
whose,3
ellen,1
fallout,1
hopkins,1
p,5
al,1
announces,1
atomic,1
bombs,1
city,12
detonated,2
device,3
ended,7
et,1
etc,4
give,9
group,4
likely,4
major,3
midsized,1
next,14
obama,3
obamacongress,1
populated,1
submit,1
tens,1
think,31
thousands,3
warning,4
wwii,1
april,3
began,4
beginnings,1
bit,15
books,11
boyfriend,1
business,8
clash,2
concerning,1
considering,2
degree,1
enjoy,5
even,34
exams,1
experience,6
fears,4
feels,2
fellowship,1
finally,9
find,19
finished,6
firstly,1
four,7
gave,7
graduating,1
happy,7
hefty,1
ill,14
its,81
kings,4
last,25
liberties,1
looking,12
loving,4
margarita,1
master,1
may,19
me,77
month,6
mood,1
moving,3
nervewrecking,1
novel,4
novels,1
now,47
opportunity,2
picked,3
plot,4
postpone,1
process,7
progress,2
quality,4
reading,10
refreshing,3
relax,4
returning,2
ring,5
russian,1
secondly,1
several,5
still,18
successfully,2
surprisingly,2
thats,12
tolkien,1
took,12
ve,32
virginia,1
week,17
weird,2
woolf,1
working,8
writing,8
cake,10
cheering,1
dig,1
face,15
hoping,8
howie,1
scared,1
seemed,4
sister,5
smash,1
staring,1
started,12
us,51
antiinflammatory,1
antioxidant,2
appearance,3
benefits,2
c,5
contains,2
contours,1
diminishes,1
discoloration,1
dmae,1
elasticity,1
enhances,2
ester,1
facial,1
fine,5
firming,1
firmness,1
imparts,1
improves,1
lines,3
luminous,1
patented,1
powerful,5
provides,3
radiant,1
smooth,1
strength,2
therapiesvitamin,1
toning,1
wrinkles,1
condemn,2
save,4
age,9
breaking,1
changed,6
curled,1
day,48
door,5
every,19
guy,6
haven,3
hiding,2
house,13
kitchen,5
leave,6
mind,10
mom,4
phone,4
salesman,1
scarred,1
since,14
tried,9
trusting,1
better,6
book,20
craccc,1
kid,4
point,16
show,9
wants,6
airport,2
asianmiddle,1
believe,13
blacks,2
bomb,2
building,3
certain,2
check,7
checking,2
code,2
comes,12
conduct,5
descents,1
disarm,1
eastern,2
eliminate,1
enforcement,1
explode,1
facts,4
goes,9
hypothetically,1
inside,6
isn,10
killing,2
law,4
man,11
men,6
middle,3
minutes,16
politically,1
possibilities,1
profile,1
race,4
random,5
reasons,2
simple,5
smart,1
spree,1
statistics,2
stay,10
then,39
threat,5
trying,12
unlawful,1
waste,4
whites,1
tis,1
ability,3
chapter,1
control,3
discussion,3
february,3
free,11
gathering,1
join,3
meet,1
ourselves,5
personal,3
self,6
st,5
talk,7
travel,4
TRUE,7
tuesday,2
anc,1
appeal,2
approached,2
court,1
crime,3
earlier,4
fitted,1
gauteng,1
grant,1
high,8
incitement,1
ruling,1
singing,4
song,5
south,8
unconstitutional,1
pregnant,2
weeks,11
attended,3
authority,3
company,10
companyfunded,2
companyorganised,1
everyone,15
k,1
luncheon,1
particularly,3
partook,1
party,4
recieved,2
santa,3
secret,3
strikers,2
value,3
vouchers,1
where,27
xmas,2
blog,9
blogrolls,1
chronological,1
codes,1
color,2
create,3
helpful,1
involves,2
maintain,1
organized,1
permanent,1
pondered,1
reader,3
seems,14
smaller,3
solution,3
type,2
apartment,8
scene,3
shays,1
board,2
chicken,2
fillets,1
filling,2
flattening,1
little,34
prepare,1
roll,3
thin,2
appeared,3
conviction,3
featured,2
fiction,3
magazine,1
magazines,2
newsweek,1
npr,1
oprah,1
radio,1
reviews,2
today,27
usa,1
york,3
feeling,9
sickening,1
armchair,1
asked,4
carpet,1
costume,3
feet,6
grasped,1
ground,7
humans,2
lifted,1
mccoy,1
off,36
onto,7
pricklewood,1
real,11
toes,3
accident,2
comment,3
couldn,6
ed,1
engineering,1
governor,1
improvements,1
light,7
manager,2
might,6
operations,1
road,7
shortterm,1
switenky,1
traffic,2
anyway,8
bskyb,2
buyer,1
crisis,2
dealer,1
doubt,2
faces,2
factors,1
foregoing,1
himself,5
immediate,2
movers,1
murdoch,2
must,10
shape,2
simply,3
toxic,1
wind,3
care,4
clean,8
craft,4
hop,2
hope,5
mess,2
project,3
projects,1
soon,12
space,7
take,20
until,25
well,31
wonderful,5
almighty,2
amen,2
body,5
christ,2
church,4
devoutly,1
everlasting,2
faithful,2
god,21
governed,1
holy,3
jesus,8
lord,4
members,2
ministry,1
offer,7
prayers,3
receive,3
sanctified,1
savior,1
serve,1
spirit,3
supplications,1
truly,1
vocation,1
whole,4
allow,2
already,12
complaining,1
daughters,2
dog,5
early,5
everything,10
gallivanting,1
repeating,2
streets,3
system,7
cup,5
paste,1
tomato,1
address,2
assertive,1
call,7
certainly,3
conditions,3
decidedly,1
doesn,10
else,5
employer,1
heard,7
honest,2
mean,7
nice,12
nicer,1
nonconfrontational,1
outspoken,2
personality,1
quits,1
relative,1
seat,4
seeing,4
someone,6
sounds,4
stool,3
stop,7
subway,1
unfair,2
bash,2
euphonium,1
flute,1
harmonium,1
harry,2
having,11
hmmm,1
instruments,1
mix,2
mother,6
nose,1
partch,1
said,23
superior,1
terms,2
thomas,2
traditional,4
truax,2
wouldn,5
zither,1
added,6
gallery,1
wall,6
ketchup,1
t,2
aboutwell,1
album,3
artie,1
assistance,2
backing,2
band,6
bandcheck,1
bass,1
behind,4
benefit,1
bill,3
both,15
bound,1
butler,1
chandler,5
channel,1
chorus,1
consisting,1
davis,1
delivery,1
drums,1
eclipsed,1
eyes,5
fly,2
fool,1
funky,2
gathered,1
gone,2
groupie,1
helped,4
helps,3
interesting,5
jazzpsychedelic,1
joe,4
jr,4
laid,3
loose,3
lovin,2
lyrics,1
mack,1
male,6
mesh,1
mothers,4
naked,2
number,10
organ,1
organization,2
overearnestness,1
piano,4
play,12
poppy,1
presence,3
provide,4
purdie,1
relationship,2
relaxed,1
reservations,1
salter,1
sammy,1
sloppy,1
soaring,1
sold,2
sometimes,4
songs,3
sounding,1
spot,1
tangents,1
tapping,1
temper,1
tendency,1
title,2
towards,3
unfortunate,1
vibe,1
warm,4
without,20
comic,1
enjoyed,5
expectations,1
heroes,2
kitten,1
opinion,1
pfftshite,1
popular,4
prove,2
proved,1
punching,2
really,36
thus,2
unfounded,1
unhealthy,1
unrealistic,1
wading,1
wife,5
worried,2
commercial,2
guidelines,1
impact,1
industrial,1
investing,2
longterm,1
property,2
redevelopment,1
residential,1
ura,1
urban,2
values,2
bobbed,1
corridor,1
frantic,1
path,3
pulling,2
reluctant,1
sprint,1
suitcase,1
actress,1
alive,2
artist,4
beyonce,1
emma,1
esperanza,1
huntingtonwhiteley,1
include,2
jazz,1
kunis,1
list,3
mila,1
modelturnedactress,1
rosie,1
sexiest,1
singer,1
spalding,1
star,5
stone,1
women,6
across,10
ah,1
along,13
alongside,1
ancient,2
bays,1
beer,7
boat,3
capsized,1
cluster,1
community,2
concluded,1
cooking,2
crack,3
detour,1
experiment,2
fear,3
ferry,1
galley,1
gangplank,1
hey,4
hill,5
itinerary,1
lights,2
mainland,1
marina,1
moored,1
neglected,1
open,6
parga,3
paxos,1
place,20
provisions,1
pull,3
resort,1
restaurants,1
robbed,1
rubbish,1
rusting,1
sat,4
shops,4
souvenir,1
steep,1
strewn,1
tavernas,1
track,4
trudge,1
turkish,1
twinkling,2
unfortunately,3
unwelcoming,1
wondered,1
blakeman,1
ingle,1
m,8
andrew,1
awake,1
bed,12
class,4
decent,3
despite,4
dont,43
each,16
explains,1
getting,13
half,1
hour,1
hours,6
late,11
lives,9
napped,1
shortly,3
shower,1
somewhat,3
studio,2
talking,2
tired,2
tonight,4
worrying,1
custom,1
development,5
education,4
outsell,2
specifically,1
spoke,2
textbooks,1
actually,11
based,2
error,2
final,4
headline,1
lost,5
news,5
preliminary,1
shows,5
sinking,1
survivors,2
tally,1
titanic,2
autumn,1
rains,1
righteousness,1
among,2
anywhere,1
ban,2
consequences,1
decision,3
evidence,4
harmful,1
live,8
lived,3
near,7
seriously,4
short,9
smokers,2
socialised,1
sorry,1
supply,2
sympathy,2
worked,6
pajahmas,1
pajamas,1
wear,4
banished,1
big,15
chair,2
chuckling,1
drink,5
found,8
grin,1
living,5
loud,1
myself,13
room,9
soft,3
correct,1
developed,2
dislike,1
disliking,1
entire,6
fizzy,1
food,10
foods,1
juice,2
liked,2
literally,3
once,8
onion,4
pickled,1
pop,1
possibly,3
raiders,1
second,11
term,2
trimesterand,1
amazon,2
aquarium,1
ate,1
bakers,1
baking,2
banging,1
barricelli,2
blah,1
blow,2
bu,1
cafe,3
chocolate,7
chunks,1
cobb,1
cold,5
considered,3
cookbook,1
cool,7
copy,1
counter,1
croissant,1
croissants,1
culinary,1
decided,10
done,10
drive,4
eat,4
elevated,1
everyday,1
fa,2
fabulous,1
front,5
geek,2
glass,5
gluttony,1
hidden,3
hosts,1
huge,8
instructing,1
jewel,1
john,7
kisses,1
located,1
lous,1
lunch,4
march,5
martha,3
masterpiece,1
meal,4
name,8
norwalk,2
pastries,1
pbs,1
perfectly,2
photo,3
preorder,1
quietly,2
recently,10
recommendations,1
research,3
restaurant,3
roller,2
salad,6
saw,6
selection,1
single,9
sono,1
stewart,1
taken,9
thrill,1
tiny,3
trust,2
try,5
usually,7
vintage,2
watched,4
window,3
works,6
yammering,1
sphere,2
v,2
cook,1
longhorn,1
sad,4
steak,1
watching,6
above,4
au,1
audience,1
australia,2
bizet,1
culture,1
dia,1
difficult,2
du,1
el,2
entertainment,4
familiar,1
fond,1
gardel,2
grandmothers,1
inaccessible,2
known,4
mi,2
music,10
part,14
performances,3
probably,9
que,1
quieras,1
relations,1
routine,2
saint,1
saying,2
temple,1
widely,2
cabinet,1
gutter,2
heads,2
hot,8
hubs,1
installing,1
nope,1
oh,8
romantical,1
spices,1
spicin,1
tin,1
weren,2
yeah,1
year,19
aggreed,1
death,3
didn,28
grip,1
hand,6
let,11
parking,1
placed,2
secretaries,2
son,8
suggested,1
taking,3
talked,1
thanked,1
shrouds,1
words,19
failed,3
hell,6
larger,2
praydavid,1
smithers,1
yesterday,8
attackers,2
braamfontein,1
johannesburg,1
murdered,1
rulov,1
senekal,1
theatre,2
candle,3
cupids,2
depict,1
dinners,1
express,2
falls,1
flowers,1
greeting,1
greetings,1
hearts,3
holiday,4
lit,1
lovers,1
mass,1
produced,1
shaped,1
struck,1
th,8
traditionally,1
valentines,3
victims,2
written,2
act,4
action,2
agreed,1
became,4
bishop,2
chaplain,1
common,7
edward,4
henry,1
improve,2
london,2
nicholas,1
poor,6
prayer,4
ridley,1
rochester,1
supporting,1
supremacy,1
vi,1
art,4
banton,1
beautiful,8
called,8
colet,1
comedy,2
critic,1
deco,1
design,2
designed,4
designer,4
example,3
famous,2
gowns,1
interior,2
mme,1
movie,7
paradise,1
perfect,4
period,2
screwball,1
sex,3
style,4
travis,2
trouble,1
typical,2
bikini,1
bride,5
customers,1
discount,1
offering,1
purchase,2
tomorrow,5
chunk,1
finely,1
fresh,3
ginger,1
grated,4
inch,3
peeled,1
folksmen,1
wanderin,1
animal,1
loved,6
maybe,11
puppet,1
stuffed,2
tom,1
toy,1
anatol,1
booth,2
cents,3
eight,2
funds,1
gotham,1
josepho,1
miniature,1
opened,5
payed,1
storm,2
themselves,5
causes,1
mad,2
morning,11
quite,10
rush,1
sleeping,1
sunday,7
click,3
flickr,1
information,5
outfit,3
page,3
piccy,1
specs,1
admission,1
boom,1
bulk,1
economists,1
economy,4
experiencing,1
failing,2
mininginvestment,1
misread,1
nearrecessionary,1
rba,1
recent,3
recognize,1
record,1
vast,2
came,12
cartridge,1
latte,2
lite,1
pc,2
cuddle,1
start,14
wanting,4
hold,4
alaska,1
alvin,1
driveway,2
drove,4
dusk,1
everexpanding,1
family,6
father,6
ghosts,1
greeted,3
haunted,1
headed,2
memories,2
pulled,1
reared,1
reunited,1
roughly,1
stepbrother,1
stepmother,1
stronger,3
teeth,3
texas,2
bay,1
between,6
collonges,1
finish,2
gold,2
green,3
grey,1
hooped,1
national,4
neptune,1
silks,2
sunnyhillboy,1
tight,3
yellow,3
english,1
french,2
gaudere,1
gaudium,1
joie,1
latin,1
old,15
origin,1
rejoice,1
addicts,2
amongst,2
beings,1
digital,3
social,5
due,7
fares,1
fuel,1
increased,1
lately,2
rising,1
surcharges,1
whew,1
according,6
applies,1
begins,1
bits,3
creamy,3
dirt,1
dries,3
effort,2
emulsion,1
jelly,3
layer,4
liquid,3
lukewarm,1
milky,1
product,2
required,3
rub,4
rubbing,3
sa,1
skin,1
spreading,1
takes,5
thick,2
wash,1
water,27
corinthians,1
accelerated,1
achieve,1
addition,1
amount,4
ankles,1
axis,1
backwards,1
bent,3
bring,4
clap,1
closing,1
energy,4
extrema,1
extreme,2
felt,5
fins,1
fish,4
fitness,1
flexible,1
force,5
frog,1
grabs,2
hydrofoil,1
impulse,1
kick,3
kicks,2
kinetic,1
knee,1
leg,4
legs,4
lifting,1
lower,1
maximally,2
mimic,1
muscles,1
nozzle,1
outer,1
outwards,1
points,4
position,3
power,5
precision,1
rather,8
rear,1
rotating,1
sole,2
soles,1
stand,2
swim,1
therefore,1
training,1
transferred,1
turned,6
twisted,1
unlike,5
upper,1
case,7
emotions,1
enjoying,2
info,1
instalove,1
instaloveyou,1
kinda,4
lucas,1
meeting,2
mentioned,3
mixed,1
mysterious,2
protagonist,1
rationalization,1
retrospect,2
revealed,2
third,8
understand,6
voice,4
wait,9
wont,9
bottleneck,1
broken,4
creating,3
dysfunction,1
jethro,1
moses,1
responded,2
wasting,2
wearing,3
yourselves,1
boon,1
cab,4
capture,2
catching,1
dinner,3
dragged,1
foodie,1
hippo,1
kee,1
nighttime,1
post,10
ride,4
tong,1
uncle,1
views,1
actual,2
against,12
brush,1
cigar,2
cover,5
crinkle,1
fingers,2
freud,1
musty,1
newness,1
oldness,1
pages,2
paper,13
satisfying,2
smell,2
something,20
fortunately,1
funerals,1
holds,1
lifetime,2
pastor,1
pen,1
animals,2
cat,6
com,1
cuteanimaltongues,1
dot,1
email,2
gmail,1
pictures,3
sticking,2
tongues,1
yours,4
ignored,1
allowed,2
blades,2
bread,2
dearest,1
disgruntlement,1
especially,4
formerly,1
happened,2
nearest,1
remembered,2
sharpened,1
sliced,1
welldeveloped,1
armfuls,1
bygone,1
chairs,1
dresses,2
loveliest,1
overflowing,1
paula,2
quilts,1
thrown,1
vases,1
vaughan,1
wildflowers,1
individually,2
interviews,1
luke,1
remembrance,1
chapters,1
clarifying,1
copyeditor,1
dialogue,2
different,12
directions,1
discovered,2
editing,1
glitter,1
involved,4
kept,7
learned,4
main,4
mastered,1
ms,1
nd,3
plotting,1
rachel,1
rambling,1
revisions,1
round,3
send,1
sept,1
sets,1
shine,1
studied,1
thread,2
three,7
add,6
bottle,2
chose,4
cinnamon,1
classic,2
cream,5
danced,1
davinci,1
dream,3
flavors,1
fluffy,1
gourmet,1
palette,2
pick,4
syrup,2
tad,2
tasty,1
toast,1
vanilla,4
ways,6
whip,4
baron,1
daughter,8
frightful,1
meets,1
picture,5
weasel,1
accompany,1
attractive,1
delicious,4
finishing,2
lovely,2
omelettes,1
spanish,1
touch,4
caroline,1
lab,1
saunders,1
arrive,2
captured,1
faucet,1
kettle,1
pan,3
purposes,1
run,9
washing,5
during,11
initiated,2
qi,1
smiled,2
soul,3
various,4
apartments,2
central,3
dublin,3
francis,2
len,1
range,3
reilly,2
street,7
woodbyrne,1
arms,3
housing,7
instead,6
length,1
manage,3
management,1
order,5
organisation,2
prefers,1
separate,3
approaching,2
becoming,2
civil,1
confronting,1
countries,1
country,10
crazy,3
decades,1
democraticallyminded,1
disobedience,1
economic,3
environmental,1
happening,2
least,10
masses,2
mentality,1
peaceful,2
possible,2
profitoverallelse,1
realities,1
require,1
survival,2
thinking,10
threatening,1
undeniable,1
western,2
widespread,2
activities,2
aka,1
audiovisual,1
battling,1
brick,2
cds,2
compilation,1
connections,1
contribution,1
cosmos,1
craig,1
dimension,1
electronic,1
emphasis,1
establishing,1
experimental,1
figure,3
film,10
floyd,1
flying,2
forces,2
former,2
foundation,3
goals,3
inspired,2
licensed,1
lies,1
limit,1
lyric,1
mediums,1
multimedia,1
paranormal,1
performance,2
pink,2
planet,1
pushing,3
silence,2
sound,4
sounda,1
stargazing,1
supernatural,1
thoughts,3
tv,6
visual,1
wonder,9
attempt,1
convoluted,1
fastpaced,1
giant,1
lose,2
mistakes,3
originate,1
pace,1
realise,1
thief,1
throw,2
cupcake,1
leftovers,1
mini,2
planned,3
rainbow,2
fry,1
grand,2
jacket,1
mayo,1
menu,1
potatoes,1
pretence,1
sandwiches,1
shop,4
total,3
tuna,1
ups,2
baby,7
couple,6
digress,1
furniture,3
important,8
labor,1
moment,5
sofa,1
yet,8
haiku,1
wrote,1
continued,3
crop,1
festivities,1
finale,1
garden,1
host,1
shadowbox,1
store,2
survivor,2
told,15
ya,1
arm,1
bones,1
chest,2
fight,4
fold,1
jars,3
knocks,1
logo,1
slam,1
stumble,1
sweatshirt,1
thud,1
yanks,2
beauty,4
contest,1
castrate,1
dude,2
fox,1
frigging,1
g,1
kidding,1
worry,5
bunny,1
drop,2
edition,1
premium,3
series,4
brewing,1
choklat,1
imperial,1
southern,1
stout,1
tier,1
chick,2
chickflick,1
chloe,1
flicks,1
invented,3
movies,1
past,10
rating,2
reporting,1
scale,3
alpes,1
azur,1
michelin,1
paca,1
provence,1
rankings,1
alyssa,1
bedding,1
caught,5
cherish,1
conferences,1
girlscouts,1
hopes,1
math,3
put,16
repainted,1
running,5
school,9
skills,1
somewhere,1
struggle,2
struggling,2
stuffbut,1
volleyball,1
weekends,1
answerable,1
appointed,1
appointing,1
breach,1
claiming,1
concept,2
crown,2
culpable,1
enforce,2
henceforth,1
iii,1
justices,1
king,4
monopoly,1
officials,2
parties,4
peace,4
realm,1
reign,2
responsibility,3
richard,1
violence,3
beginning,2
button,2
coat,1
expensive,2
giving,6
impression,2
khaki,1
lay,2
leather,1
loafers,1
low,2
numbers,1
orbit,2
player,1
rocketed,1
sales,4
shirt,1
slacks,1
sort,1
sports,1
tailored,1
thought,7
wore,1
affluent,2
apparently,2
century,3
closeddown,1
colleagues,1
establishment,1
helen,1
hills,1
however,8
jolle,1
local,7
lounge,1
memorial,1
metamorphosed,1
namaste,1
northwood,2
opposite,1
pleased,2
pub,5
surprised,2
thriving,2
war,3
wetherspoons,1
william,1
bright,2
burner,1
burns,2
fire,2
pubs,3
crystal,2
alone,7
bluck,1
couch,3
desire,2
drippy,1
endofsummer,1
heal,1
icky,1
monkeys,1
notsofabulous,1
plop,1
refusing,1
sheer,1
sick,3
signs,2
sneeze,1
sniff,1
succumb,1
tickly,1
tub,2
circumstances,3
dear,1
divine,1
earnest,1
effected,2
heartfelt,1
heavenly,1
manifested,1
pray,4
spend,7
teaching,1
blue,3
cared,1
grabbed,1
needed,9
searching,2
silent,1
softly,1
stare,2
steel,3
cookie,1
cookies,2
cooling,2
rack,1
rest,4
sheet,1
transferring,1
barrier,1
beach,2
celebrations,2
cruise,1
ecuador,1
flew,2
great,17
hawaii,1
peru,1
photos,1
reef,1
relaxing,1
singapore,2
trip,6
via,2
aber,1
cc,1
nick,1
pilots,1
quick,7
s,5
takeoff,2
tim,1
award,2
break,7
ceremony,1
digits,1
direction,1
efficient,2
event,2
exceptional,1
flawlessly,1
groups,4
knows,4
outoftown,1
prusaitis,1
stuck,2
topnotch,1
trinket,1
triple,1
volunteers,1
posts,3
quilting,1
tuned,1
become,6
carbon,1
costs,3
emissions,1
encourage,2
internal,1
introducing,1
offsetting,1
price,1
responsible,1
arrange,1
cheese,2
dress,4
goat,1
greens,1
liking,1
oven,2
prosciutto,1
remove,3
squash,1
avoid,3
constituents,1
continuing,1
given,10
minister,3
morgan,1
presidency,1
prime,2
tsvangirai,1
zimbabwean,1
hair,3
avocado,1
bean,2
budgetfriendly,1
chiles,1
cilantro,1
corn,2
de,2
depth,1
excellent,2
flavor,3
gallo,1
guacamole,1
involve,2
jalapenos,1
lime,1
limited,2
managed,5
opening,3
pico,1
salsa,4
salsas,3
sauce,3
tomatoes,1
verde,1
kalabokisio,1
puree,1
gets,6
invites,1
dairy,1
shortening,1
soyfree,1
spectrum,1
vegetable,1
access,4
cache,3
cachememory,1
caches,3
capacities,1
data,2
fast,6
independent,2
instructions,1
kbyte,1
l,1
load,2
mainmemory,1
memory,2
memorycomparatively,1
pressure,2
register,1
relieving,1
speed,1
typically,1
agricultural,1
brownstone,2
eulogies,1
exactly,4
fronts,1
gloomy,2
grid,1
holes,2
imagined,2
lamenting,1
landscape,2
osman,2
places,6
punched,2
quotes,1
stoops,1
trolley,1
writer,2
writes,2
anyone,9
calcifer,1
capable,1
dashing,1
fell,2
howl,3
immature,1
selfabsorbed,1
sophie,1
wizard,2
young,2
dish,3
eggs,1
leftover,1
merrimack,1
noodles,1
scary,1
schools,3
activating,1
astonishing,1
astonishment,1
earth,2
edge,1
evolution,1
evolutionary,1
excitement,1
exercise,4
flourishing,1
human,4
imbued,1
itself,6
journey,3
language,2
learning,7
message,2
powers,1
primate,1
role,2
sense,4
species,2
symbols,1
systems,2
universe,2
viewers,1
bargain,1
bargainthe,1
charity,1
chunky,1
colour,3
cosy,1
hunt,1
knit,1
knits,2
less,9
multi,1
putting,2
stocks,1
stylish,1
versions,2
breath,2
dislodge,1
gagging,1
head,8
jerky,1
pawing,1
reflected,1
shaking,2
skully,1
snapping,2
tryin,1
biased,1
positions,1
previous,2
psychological,1
repeatedly,2
unchanged,2
brooklyn,2
freak,1
freddie,2
history,4
maps,1
philosophy,2
politics,3
religion,1
vietnam,1
bankers,1
begun,1
bribed,1
completely,8
corrupt,2
crooked,1
devote,1
engaging,1
estate,4
fraud,2
ingredients,1
judges,1
lawyers,1
licata,1
mortgage,3
outright,1
resume,1
september,3
slows,1
tale,3
theft,3
assignment,1
badges,1
describe,1
describes,1
dwelling,1
fashion,3
friendyou,1
looked,3
prays,1
questioned,1
returned,3
seldom,2
select,3
sounded,1
spent,3
teacher,3
word,6
glad,1
official,1
products,3
spellbinders,2
team,11
adults,3
cheap,1
deny,1
died,1
enjoyment,1
exist,4
exists,2
gain,1
hiking,1
jump,1
lace,1
naturally,4
playgrounds,1
relatively,1
repressed,1
responsibilities,1
sedentary,1
shoes,1
urge,2
walking,7
acrylic,1
areas,3
article,3
behr,2
beluga,1
cabinets,1
coats,3
commercials,1
darken,1
darker,1
depot,1
discusses,1
distress,1
distressed,3
doors,3
easily,3
figured,4
glaze,1
headache,1
heartache,1
husband,8
included,2
lightly,1
paint,2
painted,1
painting,2
paints,1
primer,1
primes,1
priming,1
sanded,1
sander,1
sanding,1
spots,1
thrilled,1
tinted,1
watered,1
web,2
application,1
attacked,2
dance,2
disco,1
effortlessly,1
form,1
james,3
lcd,1
listen,4
murphy,1
outing,1
oversight,1
panduhs,1
plain,1
rectified,1
soundsystem,1
thankfully,2
dreadnought,1
furioso,1
activity,1
arrested,5
arrests,1
bashed,1
behaviors,1
blanket,1
camping,1
charge,3
charges,3
clear,1
close,4
considerable,2
continual,1
disorderly,1
engages,1
examine,1
fabricated,1
faced,1
federal,4
harassment,1
herself,2
hitting,1
hurled,1
instance,1
interfering,1
invariably,1
krumpke,1
latter,1
leveled,1
neither,2
obscene,1
occupiers,1
occupy,1
officer,3
officers,1
officerthe,1
pet,1
police,2
protestor,1
protestors,1
reason,7
reportedly,2
satirical,1
side,6
sidewalk,2
sitting,5
square,1
steps,2
straying,1
streetrelated,1
twist,1
union,2
vehicles,1
version,1
virtually,2
warnings,1
west,2
wrapping,1
meyerman,1
chance,1
chores,2
except,2
hide,4
teenager,2
voracious,1
liebeslieder,1
nos,1
op,1
schumann,1
spanische,1
branches,1
cm,1
enchanted,1
filled,3
forest,1
handblown,1
hanging,3
height,1
myrtle,1
o,2
starting,3
teeny,1
trees,3
wisps,1
cole,2
memphis,4
settled,3
signed,1
university,2
victor,1
abusers,1
arab,1
arabia,1
bloggers,1
cells,1
datamining,1
described,1
drag,2
efad,1
egypt,1
enemies,1
facilitated,1
intensive,1
iran,2
lists,1
media,5
nations,2
networks,1
obscure,1
ostensibly,1
programs,1
saudi,1
scrutiny,1
spring,4
sword,2
syria,1
targeting,1
terrorist,1
threats,1
tools,1
torture,1
twoedged,1
undefined,1
under,6
understood,1
antisocial,1
associate,2
behaviour,1
bittersweet,1
crossed,3
field,3
girlfriend,1
glow,1
labour,1
logged,1
normally,1
notoriously,1
park,8
passion,1
purple,1
riddled,1
rundown,1
stronghold,1
surprise,1
swindon,2
ukip,4
unemployment,1
vote,1
adapted,1
laurie,1
sharon,1
belgrave,2
five,3
gordon,1
simon,2
beds,2
children,7
cleaning,3
floor,5
objects,1
picking,1
raising,1
seventeen,1
slipped,1
standards,1
surfaces,2
sweeping,1
toys,1
wiping,1
comments,1
mike,3
posted,4
smith,1
adoption,1
anytime,2
arent,4
broadband,2
broadcast,1
broadcasters,1
cordcuttingie,1
disenfranchising,1
ditching,1
examining,1
exclusively,1
extent,2
households,1
industry,2
mobile,1
opponents,1
overtheair,2
pay,2
percent,1
rate,2
ratio,1
rely,1
rich,3
service,1
television,2
ubiquitous,1
wireless,1
elites,1
interest,3
serves,2
wealthy,1
taught,1
repent,1
wasted,1
bleeds,1
brutality,1
cross,2
dead,7
dying,2
emotional,2
faster,1
gash,1
hands,5
nervous,1
passage,1
slowly,3
suffocate,1
brilliant,1
core,1
delivered,2
fvk,1
material,3
musicwise,1
narcotic,1
punk,1
recording,3
soundwise,1
beat,3
cancer,3
continues,3
disease,2
foolishly,1
admit,3
broads,2
creation,2
dug,2
formed,1
largest,4
nationally,1
norfolk,1
peat,1
wetland,1
asfaw,1
basis,2
dingamo,1
ethiopia,1
option,1
resources,1
analogy,1
bike,2
dcs,1
fit,3
forward,3
friendly,3
loosely,1
metaphor,1
parallels,1
rail,2
rode,2
rummycube,1
silly,3
stopped,2
suddenly,3
suggesting,1
switching,1
tiles,1
trail,1
trespassing,1
breakfast,2
carrot,2
chilled,1
enjoyable,2
juices,1
milk,2
nut,1
plus,2
soup,3
spiced,1
carpeted,1
couches,1
cushions,1
floors,2
vacuum,2
walls,3
accusing,1
born,3
bundesbank,1
citizens,1
criminal,2
disguising,1
filed,1
geli,1
german,4
lawsuit,1
nation,2
risk,1
sign,2
vapours,1
bypass,1
download,1
manually,1
updates,2
website,4
setting,1
hahahahahahahahahahahahahahhahahahahahahahahahahhahahahahahahahahahaahhaha,1
dd,1
froze,1
harsh,1
hurt,3
ran,5
semitruck,1
wake,1
yesterdays,1
affords,1
beyond,3
claims,4
communities,1
depending,1
everybody,1
follow,3
foolish,2
godly,1
heaven,2
intellectual,1
matter,8
pervasive,1
saved,2
scientific,1
topics,1
view,4
wisdom,8
devising,1
comfortable,3
errands,1
attack,2
iraq,1
leaves,2
qaeda,1
shurqat,1
suspected,1
faith,1
formula,1
grace,2
holiness,1
okay,1
overcame,1
righteous,1
shrink,1
stayed,1
supposed,2
walk,4
walked,4
additional,1
chances,2
win,2
bouquet,1
entered,1
jen,1
absorption,1
applications,1
automatic,1
automatically,1
contraptions,1
devices,1
dispensers,1
faucets,1
feeders,1
fill,1
flowing,1
instant,2
lift,1
litter,1
longer,2
machines,4
paw,1
pellets,1
qualities,1
relies,1
replace,2
selfabsorptionodor,1
selfflushing,1
toilets,1
unequaled,1
uses,1
background,1
choose,2
echo,2
egg,1
import,1
pack,3
parks,2
resize,1
robins,1
size,3
springtime,1
stamp,1
prior,2
technology,1
companion,1
markets,2
mingle,1
offices,1
says,7
similarly,1
apply,1
aura,1
campus,2
crockett,1
davy,1
downright,1
impossible,1
moral,2
negative,4
paragon,2
piece,2
rattlesnake,1
roommate,1
sooner,1
transitional,1
veterans,1
zone,1
ann,2
armadillo,1
barn,1
believed,1
increasingly,1
interested,1
market,2
none,3
owl,1
passionately,1
plentiful,1
print,2
review,1
appear,1
attention,4
curlicue,1
divert,1
dye,1
earlobe,2
ears,1
exact,1
fact,6
framing,1
gauge,3
hooks,1
nail,1
presently,1
recall,1
stainless,2
wicked,1
pardon,1
heehee,1
birth,4
pendragon,1
betty,2
bff,1
decrease,1
draper,1
emily,1
increase,1
lady,5
laugh,3
member,3
pool,1
smoke,3
specialist,1
twice,3
arches,1
countersunk,1
drilled,1
dry,1
flat,1
flush,1
idea,7
installed,1
mdf,1
michael,6
pilot,1
screws,2
trim,1
left,9
residents,1
snow,1
unprepared,1
deadly,2
dosh,4
groom,4
highly,2
impacts,1
kumbh,1
manglik,3
married,5
partner,1
prosperity,1
surely,1
vivah,1
garnish,1
sour,2
brimstone,1
christianity,1
degrees,1
nefarious,1
parnham,1
preacher,1
ramblings,1
requested,2
stable,1
whereby,1
clothes,1
raunch,1
tear,1
cored,1
cubes,1
pear,1
mangle,1
sentences,3
acclaimed,1
actively,1
amsterdam,1
beethoven,1
biennale,1
carnegie,1
cello,3
center,2
collaborated,1
collection,2
completed,1
composers,1
contemporary,1
critically,1
cycle,3
dc,2
debut,3
dutch,1
followed,2
francisco,2
hall,3
herbst,1
jalbert,1
kennedy,1
krzysztof,1
orchestra,1
orchestras,1
penderecki,1
philharmonic,1
phillips,1
pierre,1
premier,1
recital,2
requiro,2
san,2
seattle,1
sheng,1
soloed,1
sonata,1
sonatas,1
symphony,2
tokyo,1
washington,2
weill,1
yogurt,1
cannot,2
definitely,3
fan,1
honestly,1
library,1
scouring,1
shannon,1
stacey,1
anxious,1
ass,3
bands,2
cause,2
coaster,1
crappy,1
crowds,1
distributor,3
drunkest,1
eyed,1
gypsy,1
kharma,1
line,3
mediocre,1
miss,2
musicians,1
pissed,3
pretend,1
recorded,1
sxsw,2
wander,2
bark,1
carving,1
tree,2
babe,1
aaron,1
cement,1
dad,4
drill,1
intro,1
lath,1
proper,1
rock,2
sawzall,1
someday,1
yep,4
assured,1
days,23
diamond,1
finger,1
fixed,2
jeweler,1
replacing,1
berate,1
bumper,2
caused,1
clusterfuck,1
commute,1
drivers,3
dumbass,1
forgetting,1
formal,1
lament,1
nemesis,1
nonexistent,2
odds,1
public,1
resulted,1
scenic,1
transportation,1
unkind,1
whomever,1
worst,2
bestman,2
bridebff,1
chased,2
concerned,2
dancing,3
drinking,3
duck,1
ducked,1
eaten,1
eating,3
excited,2
forced,2
mile,1
mouthed,1
odd,1
prank,2
smashed,1
sweets,1
tackling,1
throat,1
weddings,1
farm,1
fortunate,1
girls,4
hero,4
luckiest,1
spending,4
toronto,1
weekend,2
aguas,1
fresca,1
hibiscus,1
aint,1
fat,1
sings,1
till,3
discover,2
kelly,1
polygamist,1
polygamy,1
rowan,1
sect,1
shock,2
smartest,1
spotless,1
sucker,1
trials,1
tribulations,1
stella,1
telleria,1
arcades,1
atmosphere,1
chink,1
chips,1
credence,1
downmarket,1
games,2
justice,1
lends,2
merry,2
persuading,1
removes,1
reputation,1
snobs,2
southend,2
suffered,2
tills,1
visit,4
angry,3
nightcrawler,1
retorts,1
advertising,1
apple,1
assumed,2
camera,4
expect,4
flog,1
gonna,1
ipods,1
laptops,1
stands,1
tech,1
types,1
approval,1
chains,2
charging,1
content,1
decorate,1
dictate,1
enormous,1
leases,1
lessor,1
nerve,1
premises,1
publican,1
rent,1
specification,1
standard,1
sums,1
top,9
appreciation,1
creativity,1
guests,1
hostess,1
journals,2
june,5
quiche,1
schedule,1
scones,1
sweet,4
teas,1
treats,2
acting,3
behaving,1
gentleman,1
aggressor,1
alas,1
appears,2
benjamin,1
benny,1
brass,1
bus,4
chief,1
condemned,1
edited,1
gantz,1
idf,3
incidents,1
israel,1
israeli,1
narrative,2
netanyahu,1
palestinian,2
perhaps,1
propaganda,1
rearrange,1
restraint,1
selectively,1
senior,3
throwing,2
tube,1
video,5
gr,1
mehl,1
states,5
goal,3
july,4
nearing,1
reach,1
updatesweekend,1
wrapups,1
caps,1
marketing,4
bonds,1
delete,1
disturbances,1
equity,1
further,4
halted,1
orders,1
oslo,1
technical,1
temporary,1
army,2
bonnie,2
charlie,1
cope,1
defeated,1
edinburgh,1
general,3
george,1
hanoverian,1
ii,3
initial,1
jacobite,2
led,3
loyal,2
miles,2
outside,3
prestonpans,2
prince,1
revolt,1
sir,1
sparked,1
stuart,2
success,2
surprising,2
tinder,1
seven,2
shown,2
studies,1
literacy,1
preschool,1
aimed,3
finds,1
makers,1
olds,1
phoebe,1
madam,1
ship,3
sink,1
steward,1
lesson,1
jane,1
odiwe,1
adversarial,1
cons,1
dynamic,1
fluid,2
keeps,2
notice,3
pros,1
situations,1
supremo,1
thrall,1
echoing,1
forgotten,1
identity,1
lands,1
lion,1
noticing,2
perspective,1
pride,2
purpose,2
reminded,2
responsive,1
return,1
simba,1
truth,2
focus,1
foreign,1
grandparents,1
handle,1
independently,1
moms,3
nearby,1
older,1
parenthood,1
ultimately,2
attorney,1
envelopes,2
stack,1
ballsack,1
british,3
combination,1
combinations,1
expletives,1
hairy,1
mouth,4
practice,1
sailor,1
trade,1
wrinkly,1
amplified,1
coldness,1
extra,2
iceland,2
n,1
purchased,3
summer,9
unseasonably,1
withstand,2
stomach,1
chupacabra,1
mexico,1
puerco,1
vary,1
siblings,1
fancy,2
sparkling,1
brushes,1
shelby,1
stocking,1
tooth,3
account,2
anybody,1
attempted,1
belief,3
benyon,1
burden,1
choice,3
compassion,1
derek,1
dignity,1
disabled,2
dla,1
drug,1
expense,1
generous,2
guilty,1
hotels,1
informed,3
leicestershire,1
motorbility,1
needing,1
ni,1
pa,1
paid,3
poverty,1
prefer,1
respect,1
seem,4
society,3
stricken,1
taxes,1
warrant,1
worthless,1
bachelor,1
cable,1
cancelled,1
disgust,1
escalating,1
factor,1
indulged,1
lie,2
passes,2
paying,1
programming,1
proud,1
reality,2
smut,1
trainwreck,1
boss,2
clients,2
condolences,1
date,1
flooding,1
floods,1
funny,3
leaving,2
luck,1
rumours,1
travels,1
emergency,1
empangeni,1
hospital,2
undergoing,1
wednesday,3
chilly,1
coffee,3
mornings,4
afternoon,2
breathe,2
breathing,2
conference,2
issues,1
neonatologist,1
nicu,1
ox,1
prematurity,1
pulse,3
basse,1
closer,1
compared,1
connick,1
critics,1
disrespectful,1
dr,4
mel,1
melvoin,1
passed,4
penned,1
publicity,1
ray,2
sparkle,1
talents,1
torme,1
tunes,1
wit,1
carrots,1
golden,2
mushrooms,1
slightly,3
soften,1
stir,1
dribbler,1
delirious,1
covers,1
curtains,1
draw,1
lock,1
arts,2
assistant,2
editor,1
escapades,1
feature,1
forget,2
gotten,1
hang,2
insane,1
newsroom,1
ryan,3
ca,1
slims,1
algeria,1
africa,1
bears,1
cannibal,1
chronicled,1
cried,2
lessons,1
polemic,1
political,3
postapartheid,1
pot,2
publication,1
respects,2
taboos,1
totems,1
bloody,1
eye,3
hysterical,1
location,1
scratch,1
scream,1
surface,2
woman,4
antikenyan,1
churchill,1
ford,1
procolonialist,1
confirmed,1
fountain,1
halemau,1
hitchhike,1
options,1
plan,2
ranger,1
safe,1
summit,3
trailhead,1
visitor,1
amuse,1
anymore,1
arik,1
basil,2
bouche,1
bursts,1
cheesecake,2
chef,1
creaminess,1
dessert,1
hatred,1
kristien,1
marscapone,1
mary,1
muscat,1
natural,2
overly,1
paired,1
ribbons,1
rurtherglen,1
served,2
strawberries,1
trusted,2
circles,1
matted,1
punch,1
punches,1
scallop,1
glory,2
alarm,2
bounced,2
checked,1
crew,2
dreading,1
elephant,2
fires,1
flood,1
happily,2
journal,2
kissed,1
listening,4
lonely,1
prophecy,1
scrubbed,1
selffulfilling,1
sent,4
slow,3
smile,1
snooze,1
stairs,3
texts,1
turmoil,1
ugg,1
pairing,1
bible,1
bone,1
cuts,2
edged,1
marrow,1
mouths,1
physical,2
poison,1
sharp,2
broadway,1
built,4
ft,1
musical,2
originally,1
soundstage,1
sq,3
stage,2
studios,1
universal,1
accessories,2
bag,4
bags,1
belts,1
brighter,1
cardigans,1
dressed,2
entrance,1
fashionable,1
hilarious,1
island,6
nassau,1
outfits,1
plastic,2
pressing,1
rained,1
ruin,1
shuttles,1
trash,1
vacation,2
wet,1
applicable,1
blessing,2
caleb,1
future,8
girl,3
proverbs,1
sought,2
speedy,1
alright,1
assure,1
boring,1
dedicated,1
devoted,1
frivolous,1
phenomenon,1
science,2
study,1
yawning,1
yawnology,1
yawns,1
dust,1
rises,1
beam,1
upstairs,1
achieves,1
acid,1
alkalinity,1
becomes,2
crowding,1
deeper,1
experienced,1
failures,1
farmers,1
fruitful,1
fruitfulness,1
gardener,3
gardeners,1
handfuls,1
handing,1
harvest,1
learns,1
lots,3
merely,1
persevered,1
plant,1
planted,1
planting,2
production,2
seeds,3
sowing,1
vibrant,1
directly,2
guys,3
ja,1
ok,1
shamefully,1
shoot,1
shot,2
staircase,1
standing,2
wide,3
adverts,1
agent,1
biggest,3
bonomi,1
campaign,2
campaigns,1
covenant,1
detailed,1
details,1
global,2
immense,1
involving,1
launch,1
luigi,1
maintaining,1
online,1
placing,1
posters,1
prominent,1
promotions,1
regarded,3
schuster,1
shelves,1
sorts,1
supermarket,1
utterly,1
booksxml,1
comics,1
dvdseven,1
file,2
formats,1
adult,3
appreciated,2
attuned,1
cry,2
frankly,1
honor,1
mamaear,1
multitasker,1
ruckus,3
toddler,2
romantic,2
hopenchange,1
praises,1
sing,2
voices,2
amounts,1
apocalypse,1
asset,1
backside,1
beliefs,1
believers,2
blazing,1
brothers,1
bubble,1
closely,1
deserve,1
drives,2
enlightenment,1
existence,1
fantasy,2
heroic,1
hollywood,2
hordes,2
improved,1
infinite,1
insist,3
limitless,1
narratives,1
ordinary,2
otherwithout,1
roving,1
sit,3
somethingfornothing,1
upside,1
wantwhether,1
wealth,2
zombies,1
accurate,1
appealing,1
celestial,1
consistent,1
deferents,1
epicycles,1
explain,2
features,3
model,3
motion,3
observations,1
predictions,1
ptolemaic,1
reasonably,1
retrograde,1
narrowed,1
ahh,1
fighting,1
films,3
genji,2
hahahah,1
nights,2
oneonone,1
restless,1
rindaman,1
won,2
chums,1
dull,1
plenty,2
sax,1
sorted,1
timefood,1
tune,1
weather,3
youth,1
maximum,1
amandla,1
crowd,1
deafening,1
enduring,1
equally,1
jacob,1
ngawethu,1
slogan,1
speech,1
thunderous,1
zuma,1
anglo,1
annum,1
authorities,1
backdrop,1
bought,4
centre,7
contribute,1
county,4
dundrum,1
dunlaoghairerathdown,1
europe,3
fellow,1
footfall,1
irish,2
liam,1
longford,1
maye,1
metres,2
per,2
phase,2
rates,2
reported,1
shopping,5
site,1
suburbs,1
visitors,1
anonymously,1
forever,2
grateful,1
iheart,3
painless,1
apr,1
gasoline,1
inc,1
retail,1
sunoco,1
tips,3
blown,1
conversation,2
counting,1
developmentally,1
diligent,1
goldie,2
interact,1
normal,1
noticed,1
performer,1
prompting,1
repeated,1
routines,1
sentence,1
spoken,1
rant,1
rave,1
topic,1
comfort,3
defended,1
evoked,1
preview,1
remark,1
deliver,1
fancied,1
jolly,1
laptop,2
lunchtime,1
matt,1
pouring,1
stick,1
suits,1
calibrated,1
calibration,1
cost,1
covered,1
january,2
meter,1
meters,3
ownerbroker,1
owners,1
enclosure,1
events,1
expected,2
gates,1
hubby,1
packy,1
attending,1
dbkl,1
duties,1
earnings,1
shouldn,2
subcontracted,1
chopper,1
damn,5
easiest,1
massacre,1
mutilated,1
prospect,1
simplify,1
turquoise,1
answer,3
healing,2
hindrances,1
question,1
receiving,1
diapers,1
inspires,1
lead,1
scattered,1
tattered,1
barra,1
como,1
confirmar,1
contacto,1
contestar,1
correos,1
cuando,1
ella,1
en,3
encargo,1
est,2
estais,1
la,3
lateral,1
lista,1
los,1
mail,2
mandais,1
para,1
pido,1
pueda,1
puesta,1
secci,1
si,1
tan,1
un,2
y,1
baday,1
clark,1
denis,1
gagnon,1
horns,1
jeremy,1
kale,1
laing,1
lida,1
mikhael,1
runway,1
smythe,1
tartan,1
wayne,1
wings,1
nonetheless,1
afternoons,1
air,2
amentimes,1
available,2
commonly,1
daily,3
decree,1
dwell,2
evenings,1
freely,2
granting,1
knowing,1
midst,1
miracles,3
privilege,1
saints,1
seconds,2
shall,5
testify,1
testimonies,2
thee,1
sickos,1
bored,1
connection,1
iron,2
nonmotivated,1
association,1
decide,2
mouthful,1
albert,1
birmingham,1
branch,1
collected,2
duffen,1
established,2
fifty,1
graham,1
hazell,1
humping,1
items,2
liz,1
regarding,1
saturday,1
skegness,1
thursday,2
totally,1
treasurer,1
uplifting,1
walsall,1
changing,2
cares,1
beware,1
breaks,3
britain,1
caffeine,1
crate,1
diversions,1
dom,2
gear,2
hurricane,1
loading,1
losing,1
nearly,2
nicotine,1
northern,1
roadworks,1
sidekick,1
straight,1
unplanned,1
visiting,2
winds,1
affected,2
accepted,2
assistants,2
boutiques,1
burberry,1
clearly,4
dallas,1
ensuing,1
finding,1
fitting,2
handled,1
las,2
locationminneapolis,1
paris,1
professionally,1
stores,1
ten,2
trench,2
vegas,1
agreement,1
arlington,1
asia,1
cemetery,1
communism,1
companions,1
confederate,1
disinterred,1
e,1
expansion,1
familys,1
frightening,1
full,3
grave,2
honors,1
india,2
lee,1
military,4
nine,2
occupied,1
orde,2
personnel,1
plantation,1
remains,1
robert,1
sacred,1
soviet,1
speaks,3
united,4
volumes,1
wingate,4
aadil,1
adjusted,2
ayurvedic,1
below,2
determine,1
diet,1
doesntdiet,1
httpwwwyogajournalcomforteachersutmsourcedailyinsightutmmediumnewsletterutmcampaigndailyinsight,1
ideal,1
immensely,1
intake,1
monitor,2
original,1
palkhivala,1
practitioner,1
principles,1
resonated,1
statements,1
teachers,1
wise,2
yoga,1
blank,1
faux,1
ink,3
markered,1
papers,1
ribbon,1
sew,1
sewing,1
stitching,2
wholes,1
accompanying,2
accordingly,1
believing,2
bin,1
catch,2
component,1
consciousness,2
constantly,2
filth,1
greater,1
harder,2
incessantly,1
lazy,1
perpetually,1
recycling,1
suffer,5
suffering,3
suffers,1
supposedly,1
toss,1
tries,2
unto,2
worshipping,1
secluded,1
shore,1
spacious,1
trails,1
wooded,1
blockbusters,1
buying,1
dvd,1
evening,2
hooky,1
bridesmaid,1
bustle,1
complicated,1
dressbustle,1
dresser,1
learn,3
reception,1
african,2
artifacts,1
collect,1
countryside,1
gatherings,1
choices,1
handbag,1
internet,1
judgement,1
quickly,4
techniques,1
accusations,1
blood,2
bodies,1
buddhist,1
busted,1
ceremonial,1
chinese,1
clues,1
comprised,1
contrary,1
discloses,1
eskeptic,1
fabrics,1
fetus,1
garrow,1
hundreds,2
infant,2
jim,1
kill,1
legend,1
libel,1
overview,2
stacked,1
statement,1
test,4
unwanted,1
upon,3
veracity,1
verifiable,1
wholesale,1
wrapped,2
drinks,1
enterprise,1
geekdom,1
lame,2
mug,2
prosper,1
shares,1
starship,1
tenforward,1
trek,3
yearold,1
facebook,2
fair,2
aggressive,1
barbara,1
computerized,1
credit,1
debt,2
financing,1
implemented,1
invent,1
inventor,1
johnson,2
longestablished,1
method,4
packaged,1
patent,2
program,3
receivables,1
securing,1
suit,3
nonseasonally,1
stats,1
outstanding,1
candy,1
cherries,1
gummy,2
packet,1
precise,1
festa,1
held,2
minami,1
osaka,1
benediction,1
roses,1
calling,1
connotations,1
follower,2
jan,1
leader,5
oz,1
resolving,1
tango,1
battery,2
deb,1
hung,1
ironically,1
oops,1
ordered,2
organised,1
rang,1
removing,1
sim,2
text,3
whilst,1
whoopee,1
layout,1
revised,1
armed,1
capital,1
defense,1
destroyed,1
devastating,1
electromagnetic,1
electronics,1
emp,1
milliseconds,1
missile,1
missiles,2
moments,2
offline,1
reduced,1
rubble,1
screamed,1
shockwave,1
telaviv,1
toward,1
unleash,1
warheads,1
wave,1
amy,1
annie,1
beads,1
bra,1
costumed,2
ditto,1
drunk,2
drunken,1
enactment,1
extant,1
flask,2
gin,2
gras,1
hannigan,1
impromptu,1
largely,1
mardi,1
perform,1
photographs,1
prop,1
sadly,1
significant,1
suggests,2
theater,1
tonics,1
turns,2
wig,1
jerry,1
afterwards,1
apart,1
autobodyrepair,1
bucket,2
courtesy,1
difficulty,1
driving,2
groundlevel,1
horizontally,1
ledge,1
lend,1
manouevre,1
petrol,2
rattles,1
registered,1
ridiculously,1
rust,1
thighs,1
zero,1
composting,1
diversity,1
ecomovement,1
edges,2
fuse,1
gaining,1
harvesting,1
hippies,2
innovation,1
mainstream,1
marginal,1
permaculture,1
poo,1
practically,1
significance,1
weight,4
wider,1
woods,1
abomination,1
approach,1
disrespect,1
gross,1
manner,1
mantras,1
pleasing,1
rightfully,1
senseless,1
senses,1
sinful,1
anniversary,1
ashamed,1
blogging,1
buttercream,1
candles,2
celebrate,1
loaf,1
tender,1
conveyancing,1
draftsmanship,1
firm,1
laycock,1
legal,1
litigation,1
malacca,1
officially,1
ong,1
please,3
practised,1
bridge,4
carried,2
gray,1
neon,1
orange,3
rapunzel,1
residing,1
towers,1
amanda,1
announcing,1
gd,1
winner,1
moon,2
shade,1
confirms,1
gentle,1
lips,1
swollen,1
tug,1
subscribe,1
gyaru,1
lol,1
vain,1
bosses,1
reflecting,1
supervision,1
trait,1
umbrella,3
lmn,1
pm,2
adrenaline,1
begin,3
cage,1
circulating,1
clasped,1
compressing,1
duty,1
flushed,1
lpn,1
luckily,1
rib,1
shallow,1
sleepiness,1
sternum,1
task,3
tip,2
trained,1
uneventful,1
steady,1
eli,1
raymundo,1
ren,1
rojas,2
unfamiliar,1
accent,1
broad,1
cornish,1
laughs,1
lover,1
canned,1
cutting,1
goods,1
grocery,1
knocking,1
scalp,1
slammed,2
stitches,1
lb,1
scoff,1
stepsons,1
target,2
fpu,1
parade,1
splendor,1
heading,1
suggestions,1
appointment,1
annoying,1
indelible,1
marred,1
stilettos,1
citizenship,1
cleric,1
extradition,1
hookhanded,1
payout,1
successful,2
terror,1
victory,1
afterschool,1
aww,1
awww,1
dramas,1
extended,1
fads,1
hip,1
hooked,1
humor,1
identify,1
latest,1
laughed,1
obsession,1
omg,1
specials,1
studentsthen,1
teenage,1
betrayed,2
avengers,1
foes,1
mightiest,1
belt,1
institutions,1
kentucky,1
map,1
note,1
plotted,1
providence,1
questions,1
rhode,1
rolled,1
session,1
uri,1
wku,1
effectual,1
avatar,1
sugar,1
tbls,1
iphone,1
snapped,1
stevens,1
butter,2
frying,1
mailman,1
yarns,1
argue,1
cinco,1
columbus,1
congressmen,1
contributions,2
demayo,1
ethnic,3
europeans,2
germans,1
holidays,1
italian,1
italians,3
land,2
luther,1
melting,1
mexicans,1
native,1
nicknamedthe,1
oktoberfest,1
overdue,1
patrick,1
proudly,3
recognitionthan,1
sacrifice,1
voluntarily,1
worthy,2
compost,1
soil,1
perception,2
sankhya,1
boys,1
drawing,1
encouraged,1
pads,1
snag,1
workbooks,1
aquaculture,1
cash,1
deckboss,1
httpdeckbossblogspotcalegislaturelavishesaquaculturehtml,1
lavishes,1
legislature,1
continue,1
doctor,2
drugs,1
glimmer,1
nurses,1
paddle,1
pound,2
ribs,1
scramble,1
shocks,1
stimulating,1
unmistakeable,1
depths,1
east,1
fakhry,1
indonesia,1
indonesian,1
inspiring,1
malaysia,1
malaysians,1
manohara,1
meanwhile,3
muhammad,1
petra,1
princes,1
teen,2
tengku,1
whom,1
wounds,1
concepts,1
florida,1
gardens,1
palm,1
departments,1
donations,1
health,4
homeless,1
includes,2
interagency,1
services,1
asthma,1
bouts,1
bronchitis,1
che,1
empty,2
guevara,1
infirm,1
leading,1
medications,1
suppose,1
tent,1
means,3
audi,2
bmw,1
colours,1
combining,1
compact,1
diesel,1
engines,1
google,1
looks,3
luxury,1
offers,1
proposition,1
q,3
r,2
samoa,1
sporty,1
squarely,1
starts,1
suv,1
x,1
authentic,1
dried,2
feta,1
greek,1
herbs,1
mixes,1
moist,1
salty,1
semisolid,1
tasteless,1
tzatziki,1
alan,1
ball,1
broke,1
england,2
failure,1
finals,1
fixture,1
germany,2
injury,1
midfielder,1
qualify,1
tour,2
cheating,1
child,4
handwriting,1
motor,1
obvious,1
root,1
skill,1
verbalizing,1
headaches,1
pains,1
pressuresnot,1
severe,1
skull,1
brownacidvictim,1
burnout,2
burst,1
childlike,1
committed,1
confesses,1
counts,1
crimes,1
encountered,1
exposition,1
fairly,1
frustrating,1
gang,1
greene,1
hasn,1
hat,1
heroine,1
hole,1
hysterically,1
irritated,1
kindly,1
lifford,1
lively,1
mostly,1
murder,2
mysteries,1
mystery,1
owner,1
pie,1
presumably,1
react,2
refusal,1
regular,1
siemaszko,1
solve,2
tina,1
yawnworthy,1
affixed,1
steering,1
wheel,1
authenticity,1
camp,1
caribbean,1
genuine,2
hardships,1
pirates,1
scenery,1
seafaring,1
silliness,1
silver,1
stabbing,1
tension,1
treasure,2
unflinching,1
answered,1
cellphone,1
em,1
excerpt,1
hook,1
imagine,1
reel,1
brushing,1
exercising,1
manners,1
minding,1
retainers,1
tidying,1
cities,2
wired,1
calypsoniansmaybe,1
kamla,1
picong,1
skinner,1
unphased,1
suicide,1
mirror,1
wuthering,1
aid,1
arrived,1
avenue,1
block,2
brakes,1
climbing,1
dorsey,1
fiveyear,1
frantically,1
hardly,1
leaped,1
momentarily,1
overwhelmed,1
porch,2
pounded,1
racehorse,1
rittenhouse,2
rushed,2
sandy,2
screen,1
shouted,2
sights,1
struggled,1
surveyed,1
yelling,1
factory,1
necklace,1
basket,1
brand,4
coulis,1
currant,3
currantc,2
currants,2
featuring,1
fragrant,1
healthy,2
nectar,1
afoot,1
allies,1
antibritish,1
artificial,1
culturally,1
exclusion,1
generally,1
historical,1
historically,1
intended,1
malice,1
regime,1
rift,1
segregation,1
symbiosis,1
unashamedly,1
bowl,1
confidence,3
creep,1
defeat,1
embarrassing,1
rarely,1
richness,1
victim,1
babies,1
bravely,1
breakdown,1
chat,1
ex,1
immediately,1
pram,1
recovered,1
showed,1
bersih,1
connor,1
bow,1
queens,1
concrete,1
following,3
homemade,1
ice,2
joana,1
littered,1
pagodas,1
recipe,1
tempting,1
tiring,1
translations,2
treat,2
garment,1
gently,1
seed,1
sprinkle,2
arrival,2
certificate,1
completes,1
documents,1
hassle,1
patiently,1
personally,2
guide,1
inward,1
journeyed,1
matters,1
spiritual,1
strategy,1
technique,1
laying,1
paws,1
acts,1
anonymous,1
antonioni,3
apparatus,1
aware,1
brightly,1
crescendos,1
deserted,1
desolate,1
disappeared,1
disoriented,1
drama,2
eclisse,1
elegance,1
ends,1
entity,1
flows,1
guard,1
meaning,1
michelangelo,1
movement,1
panning,1
progression,1
rounds,2
rustle,1
seeingdevice,1
sequence,1
shadows,1
shots,1
strangers,1
stream,1
streetlamp,1
string,1
surveying,1
advice,1
merit,1
writers,2
ache,1
throb,1
babylon,1
cyrus,1
darius,1
persia,1
ruler,1
trial,1
dayswhich,1
everywhere,2
hailey,1
jogging,2
stroller,3
wherever,1
blind,2
eyesight,1
attacks,1
bpd,1
communication,2
episode,1
terrible,1
amusing,1
cheerfully,1
engaged,1
growth,1
indicated,1
pelvis,1
pounder,1
scan,1
shy,1
tests,1
biscuits,1
cutter,1
doubled,1
dough,1
f,1
howeverm,1
preheated,1
refrigerated,1
rise,3
shut,4
tightly,1
domestos,1
fuck,1
lecturer,1
professor,1
backyard,1
box,1
doozy,1
golf,1
golfers,1
passing,1
profit,1
stoked,1
tee,1
yard,5
american,2
asleep,1
habit,1
jack,1
knock,1
lapping,1
locals,1
middleaged,1
obnoxious,1
pillow,1
shepard,1
spilled,1
strange,1
table,1
tanner,2
tourists,1
trick,2
uncanny,1
hobbies,1
leisure,1
icedtea,1
imperatives,1
indeed,2
intensity,1
locations,1
plants,3
rare,2
shirts,1
suspect,1
terrace,1
cautious,2
erm,1
incredibly,2
rash,1
stupidly,1
tend,1
unless,1
buildings,1
clay,1
divets,1
hospice,1
hurry,1
eyelash,1
marvelous,1
equal,1
administrator,2
cass,2
cleaver,2
commissioners,1
h,2
michigan,1
minnie,1
niles,1
population,1
regret,1
resignation,2
warren,1
audiencethat,1
exposed,1
functionally,1
plagiarism,2
published,1
unpublished,1
consider,1
tickets,1
app,1
soccer,1
collapsed,1
packed,1
sandcastle,1
spade,1
augured,1
career,2
carling,1
debuts,1
academy,1
achievement,1
actresses,1
bette,3
breast,1
france,1
honored,1
institute,1
mastectomy,1
neuillysurseine,1
october,1
president,2
sciences,1
stroke,1
acually,1
fence,2
growing,1
manages,1
waters,1
weeds,1
cholera,2
claimed,1
collapse,1
contaminated,1
epidemic,1
fueled,1
hospitals,1
infected,1
infections,1
occur,1
rainy,1
sanitation,1
sewers,1
sources,1
towns,1
uncollected,1
upcoming,1
zimbabwe,3
activists,1
demand,1
release,2
barely,1
december,1
fall,2
fastforward,1
fog,1
forcing,1
remnants,1
risen,1
scarves,1
slippery,1
slush,1
trudging,1
underneath,1
november,1
papa,1
narrators,1
hah,1
twilight,1
analytical,1
botanist,1
challenges,2
chemistry,1
chloroform,1
defencecalled,1
expert,1
forensic,1
prosecution,1
testing,1
theory,1
vass,1
gagaalike,1
stood,1
tears,1
ticketstealer,1
tripping,1
demonstrated,1
friendship,1
lifelong,1
matrimonial,1
yeagers,1
wearin,1
dishes,1
sh,1
rule,1
favourite,1
pieces,1
stitched,1
camila,1
mantel,1
pumpkins,1
thanksgiving,1
proclaiming,1
chisom,1
dunebi,1
joins,1
nigerian,1
nmachi,1
sisters,1
baltimore,2
banks,1
base,1
cases,1
cheaply,1
declined,1
detroit,1
direct,2
dollar,1
expanding,1
extremely,1
facilities,1
homelessness,1
key,1
metropolitan,1
occupancy,1
owns,2
populations,1
potential,1
properties,1
rehabilitation,1
reserve,1
selling,2
spreads,1
tax,1
untapped,1
vacant,2
valuable,1
fascinating,1
navy,3
present,3
stops,2
yards,1
angels,1
culpa,1
follows,1
mea,1
quest,1
additionsupgrades,1
algae,3
bottom,1
bulb,1
decorations,1
freshwater,1
greg,1
saltwater,1
substrate,1
tank,2
tanks,1
washed,1
portland,1
ago,3
b,1
distant,1
instagram,1
lasts,1
techshit,1
unheard,1
behavior,2
doable,1
embrace,1
families,3
grow,2
investment,1
liable,1
misunderstand,1
observe,1
respond,1
rules,1
solvers,1
cb,1
missed,1
director,1
goldblatt,1
mark,1
downtown,1
equipment,1
grownups,1
heerenveen,2
netherlands,1
birdhouse,1
ep,1
repeat,1
disappointed,1
gm,1
necromancer,1
pathfinder,1
played,1
schoolers,1
spark,1
bolster,1
dressing,1
halloween,1
nip,1
notified,1
participate,1
cd,1
d,1
accomplishes,1
brevity,1
drown,1
emphasizes,1
entities,1
factions,1
genocide,1
horror,1
interahamwe,1
patriotic,1
peacekeeping,1
rwandan,1
simplicity,1
stassen,1
tells,7
coaxed,1
reaching,1
stretching,1
unfurling,1
advantage,1
border,1
flights,1
lake,1
lucca,1
pisa,1
rented,1
rome,1
trasimeno,1
tuscanyumbria,1
village,1
laughter,1
spouse,1
whine,1
prepared,1
rough,2
runner,1
asks,5
betray,1
chang,7
confident,1
confronts,1
defend,1
earn,1
gig,2
guitar,1
gun,1
ha,7
han,3
hyun,12
jae,8
ji,1
laterminus,1
lying,1
min,7
office,1
outanyone,1
permission,1
response,1
rightly,1
scoffs,2
sees,1
seung,4
shrewd,1
sits,1
smiles,1
specific,1
stunned,1
suk,10
sung,1
tae,1
talent,1
thinks,1
walks,1
wondering,1
woo,2
yeon,4
lamb,1
mountains,1
rocks,1
sitteth,1
throne,1
wrath,1
forman,1
gayle,1
grown,1
austin,1
bing,1
chen,1
creator,1
dating,1
dominic,1
lau,1
managers,1
youtube,1
reasonable,2
backed,2
chemical,1
corruption,2
democracy,1
derivatives,1
endless,1
finance,1
gangsta,1
islamic,1
jihad,1
liar,1
loans,1
luster,1
rap,1
skanks,1
unsustainable,1
anthem,1
carry,1
delivering,1
departed,1
dojo,1
etta,1
feat,1
soulpreaching,1
testifying,1
alphabet,1
brads,1
decorative,1
dies,1
framed,2
indigo,1
papertrey,1
patterned,1
stamper,1
stamps,1
su,1
asking,1
attachment,1
attachments,1
connected,1
erroneous,1
essence,1
fully,1
illusion,1
impossibilities,3
mired,1
perpetuated,1
realize,1
willing,1
attained,1
bake,1
burritos,2
desired,1
foil,1
heat,1
microwave,1
thaw,1
wrap,1
badonkadonk,1
conversations,1
selfpublishing,1
brief,1
conga,1
invited,1
mousie,1
possum,1
advent,7
adventskranz,1
aroma,1
carols,1
christmas,4
eve,1
evergreen,2
fourth,1
gather,1
germanspeaking,1
provided,1
reserved,1
unveiling,1
wreath,4
anna,1
facing,1
fights,1
politicians,2
vendetta,1
congolese,1
puke,1
commenced,1
confess,1
encouraging,1
glances,1
massage,1
mrs,2
reps,1
sneaking,1
uberbloggers,1
woog,1
finances,1
mire,1
moves,1
radical,1
conceded,1
hoped,1
keys,1
keyword,4
metrics,1
organic,1
rank,1
search,3
symptom,1
visits,1
pip,1
warming,1
leasurely,1
sealed,1
welcomin,1
cheek,1
pecks,1
gms,1
coppersmiths,3
istanbul,1
kujundziluk,1
lined,1
portrayed,1
souvenirs,3
stari,1
vendors,1
visited,1
adventure,1
aussie,1
buses,1
incentive,1
kilometer,1
leaders,1
melbourne,1
ocean,1
organize,1
whopping,1
oddly,1
preoccupied,1
blacktop,1
dormers,1
homes,1
photosfrom,1
adds,1
borlotti,1
capsicum,2
celery,1
cooked,1
ragu,1
soffritto,1
sweetness,1
thickens,1
zucchini,2
election,1
gas,1
spender,1
barack,1
bona,1
department,1
disclose,1
dunham,1
fide,1
foia,1
habituating,1
immigration,2
marriage,2
obamadunham,1
records,1
releases,1
stanley,1
absolutely,1
brain,1
jobs,1
joshua,2
scheduled,1
sponge,1
studying,1
nuclear,1
ricky,1
tuffy,1
lewis,1
schaffer,1
shit,1
nobody,1
fans,1
files,1
gap,1
leads,1
mismatched,1
moonlighting,1
notch,1
pledged,1
cherry,1
cobbler,1
inked,1
stripes,1
bashir,1
celebrated,1
fighters,1
fought,1
heglig,1
liberation,1
monday,1
omar,1
restore,1
strategic,1
sudan,1
sudanese,2
angryangry,1
feed,1
fucking,1
hunger,2
hungry,3
insatiable,1
prednisone,3
sucks,1
curve,1
disagreements,1
ignoring,1
petty,1
tantrums,1
almonds,1
pecans,1
walnuts,1
